,sumsquare_error,aic,bic,kl_div,ks_statistic,ks_pvalue
dweibull,2893.7474119573394,-162.3796287390653,350.32925430697003,inf,0.09707769675296385,0.28393126109708533
lognorm,2924.978631991416,-163.9635475757425,351.4027373928744,inf,0.09922158252316082,0.2607561154389273
gamma,2926.7716366253603,-165.22980028276027,351.46401836378914,inf,0.09807832221317125,0.2729371748171113
norm,2926.8177215786077,-167.25086387849538,346.86042276564547,inf,0.09806078689365094,0.27312715859345105
t,2926.828705873213,-165.2469957707174,351.46596824914224,inf,0.0980698751646184,0.27302868117744095
