,sumsquare_error,aic,bic,kl_div,ks_statistic,ks_pvalue
t,666.7282308027935,244.0333473515607,55.664430305682174,inf,0.11711383466416514,0.9898607314285912
cauchy,666.7356121342932,242.08591133397059,53.17965650685743,inf,0.11728791595278976,0.9896943944116162
dweibull,694.3848602560685,131.28651664361414,56.15215647768996,inf,0.18295556826542503,0.7530258778225137
burr,762.6465121427517,132.02995406455202,59.76228244684972,inf,0.20444562867011792,0.6267121591929299
logistic,780.7858682817332,155.51549213096334,55.074544733048086,inf,0.19574969310444323,0.6784683699355754
