,sumsquare_error,aic,bic,kl_div,ks_statistic,ks_pvalue
dweibull,449.35376566619954,-16.038532259188706,138.3197473234643,inf,0.06201987656307795,0.190666995930735
t,460.1848317746241,-33.088782267036976,145.46507012277198,inf,0.061084367662839145,0.20440818194321675
norm,460.1875607740519,-35.07840143940771,139.7630667102323,inf,0.06108336587065599,0.2044232952624292
lognorm,460.59202989517405,-33.29004257770255,145.7304100747491,inf,0.06289668353354017,0.17845107173736163
burr,462.3173587433522,-66.85464528774948,152.555861185133,inf,0.06233137369396069,0.18625459100682862
