,sumsquare_error,aic,bic,kl_div,ks_statistic,ks_pvalue
dweibull,317.69190011273423,132.521067509591,86.5596132857552,inf,0.1962095915383516,0.1271661892567063
cauchy,361.5489697547158,138.00187024419196,87.42997804545256,inf,0.2596424751166857,0.016451450990377148
burr,367.46564842611343,39.51698521647231,95.0345988423747,inf,0.22014626585822317,0.06295928383672211
norm,396.47954629634387,40.543843877254474,90.56569465205293,inf,0.2123673027161086,0.07983931825528257
t,396.4820860201514,42.54292827872238,94.09227296932372,inf,0.21239333883279898,0.07977703427135108
